<?xml version="1.0" encoding="UTF-8"?>
<!DOCTYPE configuration
  PUBLIC "-//mybatis.org//DTD Config 3.0//EN"
  "https://mybatis.org/dtd/mybatis-3-config.dtd">
<configuration>
	<settings>
		<setting name="jdbcTypeForNull" value="NULL" />
		<setting name="mapUnderscoreToCamelCase" value="true"/>
	</settings>
	
	<!-- 지정한 패키지 하위의 모든 클래스를 소문자로 시작하는 별칭을 등록 -->
	<typeAliases>
		<!-- <typeAlias type="com.kh.spring.demo.model.vo.Dev" alias="dev" />
		<typeAlias type="com.kh.spring.board.model.vo.Board" alias="board" /> -->
		<package name="com.kh.spring"/>
	</typeAliases>
	
	<typeHandlers>
		<!-- <typeHandler handler="com.kh.spring.common.typehandler.StringArrayTypeHandler"/> -->
		<package name="com.kh.spring.common.typehandler"/>
	</typeHandlers>
</configuration>








