Insert into FINALPROJECT.FARM (FARM_NO,FARM_NAME,FARM_ZONE,FARM_COUNT,FARM_CONTENT,FARM_ITEM) values (10,'김씨네농장','경기도 군포시 둔대동 180-1',4,'A1(30㎡), A2(27㎡), A3(30㎡), A4(27㎡)에서 농사를 경작하실 수 있는 구역을 제공하고 있습니다','감자,시금치,상추,곰취,대파,쑥갓,치커리,잔대,곤드레나물,토마토,가지,오이');
Insert into FINALPROJECT.FARM (FARM_NO,FARM_NAME,FARM_ZONE,FARM_COUNT,FARM_CONTENT,FARM_ITEM) values (20,'윤씨네농장','경기도 양주시 장흥면 일영로502번길 108-33',4,'B1(30㎡), B2(27㎡), B3(30㎡), B4(27㎡)에서 농사를 경작하실 수 있는 구역을 제공하고 있습니다','시금치,쑥갓,당근,무,강낭콩,상추,깻잎,청경채,땅콩,아욱,셀러리,녹두');
Insert into FINALPROJECT.FARM (FARM_NO,FARM_NAME,FARM_ZONE,FARM_COUNT,FARM_CONTENT,FARM_ITEM) values (30,'손씨네농장','경기도 시흥시 달월길 93',4,'C1(30㎡), C2(27㎡), C3(30㎡), C4(27㎡)에서 농사를 경작하실 수 있는 구역을 제공하고 있습니다','상추,로메인,치커리,가지,열무,쑥갓,시금치,갓,대파,아욱,콩,잎들깨,수수');
Insert into FINALPROJECT.FARM (FARM_NO,FARM_NAME,FARM_ZONE,FARM_COUNT,FARM_CONTENT,FARM_ITEM) values (40,'서씨네농장','경기도 남양주시 와부읍 율석리 754-14',4,'D1(30㎡), D2(27㎡), D3(30㎡), D4(27㎡)에서 농사를 경작하실 수 있는 구역을 제공하고 있습니다','브로콜리,열무,우엉,부추,대파,신선초,케일,당귀,근대,방풍나물,부추,상추,메밀');


Insert into FINALPROJECT.MEMBER (MEM_ID,MEM_PWD,MEM_NAME,MEM_BIRTH,MEM_CREATE,MEM_TEL,MEM_ADDR,MEM_EMAIL,MEM_STATUS,MEM_DELDATE,ADMIN) values ('aa','$2a$10$asylVW56GAUS/NfSIYJL8.0Nwl8HeXQ63YaYcZgjAY81UEfFGlC8y','aa','32132',to_date('23/07/06','RR/MM/DD'),'01010101010','aa주소 수정2','after2@ee','Y',to_date('23/07/07','RR/MM/DD'),0);
Insert into FINALPROJECT.MEMBER (MEM_ID,MEM_PWD,MEM_NAME,MEM_BIRTH,MEM_CREATE,MEM_TEL,MEM_ADDR,MEM_EMAIL,MEM_STATUS,MEM_DELDATE,ADMIN) values ('admin','$2a$10$W9Dg4CqWoMFk.kXTOd2vi.5XMcj.J/l420IjG3Dmwh3LoPoOzjnPO','관리자','860225',to_date('23/07/06','RR/MM/DD'),'01012345678','서울턱별시','admin@vegfarm.net','Y',to_date('01/01/01','RR/MM/DD'),1);


Insert into FINALPROJECT.CART (CART_NO,MEM_ID,ITEM_NO,CART_COUNT,CART_PRICE) values (68,'ADMIN',48,8,9800);
Insert into FINALPROJECT.CART (CART_NO,MEM_ID,ITEM_NO,CART_COUNT,CART_PRICE) values (70,'ADMIN',88,1,1);


Insert into FINALPROJECT.ITEM (ITEM_NO,ITEM_SECTOR,ITEM_NAME,ITEM_PRICE,ITEM_CONTENT,ITEM_LOCAL,ITEM_COUNT,ITEM_PAC,ITEM_LOGO) values (1,'감기','감기 탈출 패키지',30000,'003.png','뿡뿡이네',10,1,'logo003.png');
Insert into FINALPROJECT.ITEM (ITEM_NO,ITEM_SECTOR,ITEM_NAME,ITEM_PRICE,ITEM_CONTENT,ITEM_LOCAL,ITEM_COUNT,ITEM_PAC,ITEM_LOGO) values (2,'혈당','혈당 관리 패키지',25000,'002.png','뿡빵이네',5,1,'logo002.png');
Insert into FINALPROJECT.ITEM (ITEM_NO,ITEM_SECTOR,ITEM_NAME,ITEM_PRICE,ITEM_CONTENT,ITEM_LOCAL,ITEM_COUNT,ITEM_PAC,ITEM_LOGO) values (3,'당뇨','당뇨 관리 패키지',34000,'001.png','삥삥이네',10,1,'logo001.png');
Insert into FINALPROJECT.ITEM (ITEM_NO,ITEM_SECTOR,ITEM_NAME,ITEM_PRICE,ITEM_CONTENT,ITEM_LOCAL,ITEM_COUNT,ITEM_PAC,ITEM_LOGO) values (4,'심혈관계','심혈관계질환',30000,'004.png','혈관이네',100,1,'logo004.png');
Insert into FINALPROJECT.ITEM (ITEM_NO,ITEM_SECTOR,ITEM_NAME,ITEM_PRICE,ITEM_CONTENT,ITEM_LOCAL,ITEM_COUNT,ITEM_PAC,ITEM_LOGO) values (5,'과일, 자두','자두',23000,'맛난자두','경북',10,0,'1.jpg');
Insert into FINALPROJECT.ITEM (ITEM_NO,ITEM_SECTOR,ITEM_NAME,ITEM_PRICE,ITEM_CONTENT,ITEM_LOCAL,ITEM_COUNT,ITEM_PAC,ITEM_LOGO) values (6,'과일, 수박','망고수박',23200,'맛난수박','충북',10,0,'2.jpg');
Insert into FINALPROJECT.ITEM (ITEM_NO,ITEM_SECTOR,ITEM_NAME,ITEM_PRICE,ITEM_CONTENT,ITEM_LOCAL,ITEM_COUNT,ITEM_PAC,ITEM_LOGO) values (7,'과일, 멜론','머스크멜론',25700,'만낫 맬론','충북',10,0,'3.jpg');
Insert into FINALPROJECT.ITEM (ITEM_NO,ITEM_SECTOR,ITEM_NAME,ITEM_PRICE,ITEM_CONTENT,ITEM_LOCAL,ITEM_COUNT,ITEM_PAC,ITEM_LOGO) values (8,'과일, 수박','고창 블랙 망고 수박',36000,'맛난 블랙수박','전북',10,0,'4.jpg');
Insert into FINALPROJECT.ITEM (ITEM_NO,ITEM_SECTOR,ITEM_NAME,ITEM_PRICE,ITEM_CONTENT,ITEM_LOCAL,ITEM_COUNT,ITEM_PAC,ITEM_LOGO) values (9,'과일, 복숭아','횡성 개복숭아',20500,'횡성개복숭아','강원',10,0,'5.png');
Insert into FINALPROJECT.ITEM (ITEM_NO,ITEM_SECTOR,ITEM_NAME,ITEM_PRICE,ITEM_CONTENT,ITEM_LOCAL,ITEM_COUNT,ITEM_PAC,ITEM_LOGO) values (11,'곡물, 콩','알콩달콩 두벌콩',12000,'<곡류/콩/깨>알콩달콩 두벌콩','경남',30,0,'곡류1.gif');
Insert into FINALPROJECT.ITEM (ITEM_NO,ITEM_SECTOR,ITEM_NAME,ITEM_PRICE,ITEM_CONTENT,ITEM_LOCAL,ITEM_COUNT,ITEM_PAC,ITEM_LOGO) values (12,'곡물, 콩','자연뜰 녹두',14700,'<곡류/콩/깨>자연뜰 녹두','전남',30,0,'곡류2.png');
Insert into FINALPROJECT.ITEM (ITEM_NO,ITEM_SECTOR,ITEM_NAME,ITEM_PRICE,ITEM_CONTENT,ITEM_LOCAL,ITEM_COUNT,ITEM_PAC,ITEM_LOGO) values (13,'곡물, 콩','토종 밤콩 1kg',15600,'<곡류/콩/깨>토종 밤콩 1kg','중앙',30,0,'곡류3.jpg');
Insert into FINALPROJECT.ITEM (ITEM_NO,ITEM_SECTOR,ITEM_NAME,ITEM_PRICE,ITEM_CONTENT,ITEM_LOCAL,ITEM_COUNT,ITEM_PAC,ITEM_LOGO) values (14,'곡물, 콩','토종 서리태 1kg',18700,'<곡류/콩/깨>토종 서리태 1kg','중앙',30,0,'곡류4.jpg');
Insert into FINALPROJECT.ITEM (ITEM_NO,ITEM_SECTOR,ITEM_NAME,ITEM_PRICE,ITEM_CONTENT,ITEM_LOCAL,ITEM_COUNT,ITEM_PAC,ITEM_LOGO) values (15,'곡물, 콩, 팥','토종 붉은 팥 1kg',20900,'<곡류/콩/깨>토종 붉은 팥 1kg','중앙',30,0,'곡류5.jpg');
Insert into FINALPROJECT.ITEM (ITEM_NO,ITEM_SECTOR,ITEM_NAME,ITEM_PRICE,ITEM_CONTENT,ITEM_LOCAL,ITEM_COUNT,ITEM_PAC,ITEM_LOGO) values (16,'곡물, 쌀, 찹쌀','토종 찹쌀 돼지찰',19900,'<곡류/콩/깨>토종 찹쌀 돼지찰','중앙',30,0,'곡류6.jpg');
Insert into FINALPROJECT.ITEM (ITEM_NO,ITEM_SECTOR,ITEM_NAME,ITEM_PRICE,ITEM_CONTENT,ITEM_LOCAL,ITEM_COUNT,ITEM_PAC,ITEM_LOGO) values (17,'곡물, 팥','21년산 토종 붉은 팥',14700,'<곡류/콩/깨>21년산 토종 붉은 팥','중앙',30,0,'곡류7.jpg');
Insert into FINALPROJECT.ITEM (ITEM_NO,ITEM_SECTOR,ITEM_NAME,ITEM_PRICE,ITEM_CONTENT,ITEM_LOCAL,ITEM_COUNT,ITEM_PAC,ITEM_LOGO) values (18,'곡물, 콩','21년산 토종 서리태',13400,'<곡류/콩/깨>21년산 토종 서리태','중앙',30,0,'곡류9.jpg');
Insert into FINALPROJECT.ITEM (ITEM_NO,ITEM_SECTOR,ITEM_NAME,ITEM_PRICE,ITEM_CONTENT,ITEM_LOCAL,ITEM_COUNT,ITEM_PAC,ITEM_LOGO) values (19,'곡물, 꺠','토종 검은깨',13600,'<곡류/콩/깨>토종 검은깨','중앙',30,0,'곡류10.jpg');
Insert into FINALPROJECT.ITEM (ITEM_NO,ITEM_SECTOR,ITEM_NAME,ITEM_PRICE,ITEM_CONTENT,ITEM_LOCAL,ITEM_COUNT,ITEM_PAC,ITEM_LOGO) values (20,'곡물, 콩','토종 유월 강낭콩',8600,'<곡류/콩/깨>토종 유월 강낭콩','강원',30,0,'곡류11.jpg');
Insert into FINALPROJECT.ITEM (ITEM_NO,ITEM_SECTOR,ITEM_NAME,ITEM_PRICE,ITEM_CONTENT,ITEM_LOCAL,ITEM_COUNT,ITEM_PAC,ITEM_LOGO) values (21,'곡물, 콩, 가루','맛나 생콩가루',8000,'<곡류/콩/깨> 맛나 생콩가루','충북',30,0,'곡류12.jpg');
Insert into FINALPROJECT.ITEM (ITEM_NO,ITEM_SECTOR,ITEM_NAME,ITEM_PRICE,ITEM_CONTENT,ITEM_LOCAL,ITEM_COUNT,ITEM_PAC,ITEM_LOGO) values (22,'채소, 잎채소, 쌈채','모듬쌈채',15000,'<채소/나물/버섯>모듬쌈채','강원',30,0,'thum01.list.jpg');
Insert into FINALPROJECT.ITEM (ITEM_NO,ITEM_SECTOR,ITEM_NAME,ITEM_PRICE,ITEM_CONTENT,ITEM_LOCAL,ITEM_COUNT,ITEM_PAC,ITEM_LOGO) values (23,'채소, 나물, 고사리','남해 건고사리',48800,'<채소/나물/버섯>남해 ㄱ건고사리','경남',30,0,'thum.list.jpg');
Insert into FINALPROJECT.ITEM (ITEM_NO,ITEM_SECTOR,ITEM_NAME,ITEM_PRICE,ITEM_CONTENT,ITEM_LOCAL,ITEM_COUNT,ITEM_PAC,ITEM_LOGO) values (24,'채소, 나물','더덕순,도라지순',12000,'<채소/나물/버섯>더덕순,도라지순','강원',30,0,'thum01.list (1).jpg');
Insert into FINALPROJECT.ITEM (ITEM_NO,ITEM_SECTOR,ITEM_NAME,ITEM_PRICE,ITEM_CONTENT,ITEM_LOCAL,ITEM_COUNT,ITEM_PAC,ITEM_LOGO) values (25,'채소, 나물','삼잎국화나물',8000,'<채소/나물/버섯>삼잎국화나물','전남',30,0,'thum.list (2).jpg');
Insert into FINALPROJECT.ITEM (ITEM_NO,ITEM_SECTOR,ITEM_NAME,ITEM_PRICE,ITEM_CONTENT,ITEM_LOCAL,ITEM_COUNT,ITEM_PAC,ITEM_LOGO) values (26,'채소, 치커리','신선 치커리',3100,'<채소/나물/버섯>신선 치커리','전남',30,0,'thum.list (1).jpg');
Insert into FINALPROJECT.ITEM (ITEM_NO,ITEM_SECTOR,ITEM_NAME,ITEM_PRICE,ITEM_CONTENT,ITEM_LOCAL,ITEM_COUNT,ITEM_PAC,ITEM_LOGO) values (27,'채소, 부추','유기농 부추',3800,'<채소/나물/버섯>유기농 부추','전남',30,0,'보정_KakaoTalk_20210511_101250209.list.jpg');
Insert into FINALPROJECT.ITEM (ITEM_NO,ITEM_SECTOR,ITEM_NAME,ITEM_PRICE,ITEM_CONTENT,ITEM_LOCAL,ITEM_COUNT,ITEM_PAC,ITEM_LOGO) values (28,'채소, 나물','구기자순',1300,'<채소/나물/버섯>구기자순','강원',30,0,'thum3.list.jpg');
Insert into FINALPROJECT.ITEM (ITEM_NO,ITEM_SECTOR,ITEM_NAME,ITEM_PRICE,ITEM_CONTENT,ITEM_LOCAL,ITEM_COUNT,ITEM_PAC,ITEM_LOGO) values (29,'채소, 버섯','버섯 재배키트',39000,'<채소/나물/버섯>버섯 재배키트','경북',30,0,'thum.list (3).jpg');
Insert into FINALPROJECT.ITEM (ITEM_NO,ITEM_SECTOR,ITEM_NAME,ITEM_PRICE,ITEM_CONTENT,ITEM_LOCAL,ITEM_COUNT,ITEM_PAC,ITEM_LOGO) values (30,'채소, 나물','부지갱이국화나물',12000,'<채소/나물/버섯>부지갱이,삼잎국화나물','강원',30,0,'thum.list (4).jpg');
Insert into FINALPROJECT.ITEM (ITEM_NO,ITEM_SECTOR,ITEM_NAME,ITEM_PRICE,ITEM_CONTENT,ITEM_LOCAL,ITEM_COUNT,ITEM_PAC,ITEM_LOGO) values (31,'채소, 무','자연 제주 월동무',12000,'<채소/나물/버섯>자연재배 제주 월동무','제주',30,0,'thum.list (5).jpg');
Insert into FINALPROJECT.ITEM (ITEM_NO,ITEM_SECTOR,ITEM_NAME,ITEM_PRICE,ITEM_CONTENT,ITEM_LOCAL,ITEM_COUNT,ITEM_PAC,ITEM_LOGO) values (32,'과일, 사과','당도선별사과1.2kg',11980,'사과','서울',15,0,'pexels-suzy-hazelwood-1510392.jpg');
Insert into FINALPROJECT.ITEM (ITEM_NO,ITEM_SECTOR,ITEM_NAME,ITEM_PRICE,ITEM_CONTENT,ITEM_LOCAL,ITEM_COUNT,ITEM_PAC,ITEM_LOGO) values (33,'과일, 사과','맛나 사과1.2kg(4개입)',9980,'사과','청송',15,0,'pexels-photo-1131079.webp');
Insert into FINALPROJECT.ITEM (ITEM_NO,ITEM_SECTOR,ITEM_NAME,ITEM_PRICE,ITEM_CONTENT,ITEM_LOCAL,ITEM_COUNT,ITEM_PAC,ITEM_LOGO) values (34,'과일, 사과','청송사과 1.5kg',12800,'사과','청송',15,0,'pexels-photo-206959.jpeg');
Insert into FINALPROJECT.ITEM (ITEM_NO,ITEM_SECTOR,ITEM_NAME,ITEM_PRICE,ITEM_CONTENT,ITEM_LOCAL,ITEM_COUNT,ITEM_PAC,ITEM_LOGO) values (35,'과일, 사과','저탄소인증사과 1.4kg',14980,'사과','청송',15,0,'pexels-photo-7333126.jpeg');
Insert into FINALPROJECT.ITEM (ITEM_NO,ITEM_SECTOR,ITEM_NAME,ITEM_PRICE,ITEM_CONTENT,ITEM_LOCAL,ITEM_COUNT,ITEM_PAC,ITEM_LOGO) values (36,'과일, 사과','데일리 당도 선별사과',15900,'사과','청송',15,0,'pexels-photo-206959.jpeg');
Insert into FINALPROJECT.ITEM (ITEM_NO,ITEM_SECTOR,ITEM_NAME,ITEM_PRICE,ITEM_CONTENT,ITEM_LOCAL,ITEM_COUNT,ITEM_PAC,ITEM_LOGO) values (37,'과일, 배','저탄소인증배2kg',11900,'배','나주',15,0,'AdobeStock_528224627.jpeg');
Insert into FINALPROJECT.ITEM (ITEM_NO,ITEM_SECTOR,ITEM_NAME,ITEM_PRICE,ITEM_CONTENT,ITEM_LOCAL,ITEM_COUNT,ITEM_PAC,ITEM_LOGO) values (38,'과일, 배','실속 배 2kg',19900,'배','나주',15,0,'AdobeStock_220787821.jpeg');
Insert into FINALPROJECT.ITEM (ITEM_NO,ITEM_SECTOR,ITEM_NAME,ITEM_PRICE,ITEM_CONTENT,ITEM_LOCAL,ITEM_COUNT,ITEM_PAC,ITEM_LOGO) values (39,'과일, 배','파머스픽배 2입kg',10900,'배','나주',15,0,'AdobeStock_250042704.jpeg');
Insert into FINALPROJECT.ITEM (ITEM_NO,ITEM_SECTOR,ITEM_NAME,ITEM_PRICE,ITEM_CONTENT,ITEM_LOCAL,ITEM_COUNT,ITEM_PAC,ITEM_LOGO) values (40,'과일, 수박','당도선별 수박8kg',18800,'수박','대성',15,0,'watermelon-g8eddfa321_640.jpg');
Insert into FINALPROJECT.ITEM (ITEM_NO,ITEM_SECTOR,ITEM_NAME,ITEM_PRICE,ITEM_CONTENT,ITEM_LOCAL,ITEM_COUNT,ITEM_PAC,ITEM_LOGO) values (41,'과일, 수박','까망애플수박1.5kg',7980,'수박','전라',15,0,'watermelon-gf099f6459_640.jpg');
Insert into FINALPROJECT.ITEM (ITEM_NO,ITEM_SECTOR,ITEM_NAME,ITEM_PRICE,ITEM_CONTENT,ITEM_LOCAL,ITEM_COUNT,ITEM_PAC,ITEM_LOGO) values (42,'과일, 수박','예환 수박 8kg',20800,'수박','전라',15,0,'watermelon-gd027a73ec_640.jpg');
Insert into FINALPROJECT.ITEM (ITEM_NO,ITEM_SECTOR,ITEM_NAME,ITEM_PRICE,ITEM_CONTENT,ITEM_LOCAL,ITEM_COUNT,ITEM_PAC,ITEM_LOGO) values (44,'과일, 수박','블랙망고수박 3kg',16800,'수박','전라',15,0,'watermelon-ga99c752a7_640.jpg');
Insert into FINALPROJECT.ITEM (ITEM_NO,ITEM_SECTOR,ITEM_NAME,ITEM_PRICE,ITEM_CONTENT,ITEM_LOCAL,ITEM_COUNT,ITEM_PAC,ITEM_LOGO) values (45,'과일, 멜론','달콤머스크멜론',11800,'멜론','경기',15,0,'melon-g560ce46aa_640.jpg');
Insert into FINALPROJECT.ITEM (ITEM_NO,ITEM_SECTOR,ITEM_NAME,ITEM_PRICE,ITEM_CONTENT,ITEM_LOCAL,ITEM_COUNT,ITEM_PAC,ITEM_LOGO) values (46,'과일, 멜론','유도열님머스크특품',12600,'멜론','경기',15,0,'melon-g938409f95_640.jpg');
Insert into FINALPROJECT.ITEM (ITEM_NO,ITEM_SECTOR,ITEM_NAME,ITEM_PRICE,ITEM_CONTENT,ITEM_LOCAL,ITEM_COUNT,ITEM_PAC,ITEM_LOGO) values (47,'과일, 멜론','고당도멜론3입',16900,'멜론','경기',15,0,'background-g659c316e2_640.jpg');
Insert into FINALPROJECT.ITEM (ITEM_NO,ITEM_SECTOR,ITEM_NAME,ITEM_PRICE,ITEM_CONTENT,ITEM_LOCAL,ITEM_COUNT,ITEM_PAC,ITEM_LOGO) values (48,'과일, 멜론','아주맛난멜론1입',9800,'멜론','경기',15,0,'melon-gbf6281301_640.jpg');
Insert into FINALPROJECT.ITEM (ITEM_NO,ITEM_SECTOR,ITEM_NAME,ITEM_PRICE,ITEM_CONTENT,ITEM_LOCAL,ITEM_COUNT,ITEM_PAC,ITEM_LOGO) values (49,'과일, 멜론','달다멜론',6980,'멜론','경기',15,0,'melon-g58f5b4f26_640.jpg');
Insert into FINALPROJECT.ITEM (ITEM_NO,ITEM_SECTOR,ITEM_NAME,ITEM_PRICE,ITEM_CONTENT,ITEM_LOCAL,ITEM_COUNT,ITEM_PAC,ITEM_LOGO) values (50,'과일, 멜론','양구멜론(특/4kg이상)',6980,'멜론','경기',15,0,'healthy-eating-g8e27a4e7a_640.jpg');
Insert into FINALPROJECT.ITEM (ITEM_NO,ITEM_SECTOR,ITEM_NAME,ITEM_PRICE,ITEM_CONTENT,ITEM_LOCAL,ITEM_COUNT,ITEM_PAC,ITEM_LOGO) values (51,'과일, 참외','성주참외(1.2kg)',7900,'참외','성주',15,0,'AdobeStock_89145032.jpeg');
Insert into FINALPROJECT.ITEM (ITEM_NO,ITEM_SECTOR,ITEM_NAME,ITEM_PRICE,ITEM_CONTENT,ITEM_LOCAL,ITEM_COUNT,ITEM_PAC,ITEM_LOGO) values (52,'과일, 참외','파머스픽 성주참외 1.2kg',9900,'참외','성주',15,0,'melon-g5a44713fc_640.jpg');
Insert into FINALPROJECT.ITEM (ITEM_NO,ITEM_SECTOR,ITEM_NAME,ITEM_PRICE,ITEM_CONTENT,ITEM_LOCAL,ITEM_COUNT,ITEM_PAC,ITEM_LOGO) values (53,'과일, 참외','반전참외1.5kg',9900,'참외','성주',15,0,'melon-g657059428_640.jpg');
Insert into FINALPROJECT.ITEM (ITEM_NO,ITEM_SECTOR,ITEM_NAME,ITEM_PRICE,ITEM_CONTENT,ITEM_LOCAL,ITEM_COUNT,ITEM_PAC,ITEM_LOGO) values (54,'과일, 참외','저탄소인증 성주참외 4~8입',9600,'참외','성주',15,0,'AdobeStock_461945667.jpeg');
Insert into FINALPROJECT.ITEM (ITEM_NO,ITEM_SECTOR,ITEM_NAME,ITEM_PRICE,ITEM_CONTENT,ITEM_LOCAL,ITEM_COUNT,ITEM_PAC,ITEM_LOGO) values (55,'과일, 참외','GAP정주참외',8900,'참외','성주',15,0,'fruit-gefa2645d3_640.jpg');
Insert into FINALPROJECT.ITEM (ITEM_NO,ITEM_SECTOR,ITEM_NAME,ITEM_PRICE,ITEM_CONTENT,ITEM_LOCAL,ITEM_COUNT,ITEM_PAC,ITEM_LOGO) values (56,'과일, 자두','대석자두 1kg',7980,'자두','김천',15,0,'plum-gbdd5cf777_640.jpg');
Insert into FINALPROJECT.ITEM (ITEM_NO,ITEM_SECTOR,ITEM_NAME,ITEM_PRICE,ITEM_CONTENT,ITEM_LOCAL,ITEM_COUNT,ITEM_PAC,ITEM_LOGO) values (57,'과일, 자두','타이벡자두 1kg',9980,'자두','김천',15,0,'plum-ga089c54d0_640.jpg');
Insert into FINALPROJECT.ITEM (ITEM_NO,ITEM_SECTOR,ITEM_NAME,ITEM_PRICE,ITEM_CONTENT,ITEM_LOCAL,ITEM_COUNT,ITEM_PAC,ITEM_LOGO) values (58,'과일, 자두','김천자두 1kg',8900,'자두','김천',15,0,'plums-g58a9ca44d_640.jpg');
Insert into FINALPROJECT.ITEM (ITEM_NO,ITEM_SECTOR,ITEM_NAME,ITEM_PRICE,ITEM_CONTENT,ITEM_LOCAL,ITEM_COUNT,ITEM_PAC,ITEM_LOGO) values (59,'과일, 자두','유명산지의성자두800g',12900,'자두','김천',15,0,'mirabelle-plum-g3b76e3441_640.jpg');
Insert into FINALPROJECT.ITEM (ITEM_NO,ITEM_SECTOR,ITEM_NAME,ITEM_PRICE,ITEM_CONTENT,ITEM_LOCAL,ITEM_COUNT,ITEM_PAC,ITEM_LOGO) values (60,'과일, 자두','못난이자두1.5kg',9900,'자두','김천',30,0,'plums-g6edfde00c_640.jpg');
Insert into FINALPROJECT.ITEM (ITEM_NO,ITEM_SECTOR,ITEM_NAME,ITEM_PRICE,ITEM_CONTENT,ITEM_LOCAL,ITEM_COUNT,ITEM_PAC,ITEM_LOGO) values (61,'과일, 복숭아','그린황도복숭아5~7입',12900,'복숭아','이천',30,0,'food-g0e1f52761_640.jpg');
Insert into FINALPROJECT.ITEM (ITEM_NO,ITEM_SECTOR,ITEM_NAME,ITEM_PRICE,ITEM_CONTENT,ITEM_LOCAL,ITEM_COUNT,ITEM_PAC,ITEM_LOGO) values (62,'과일, 복숭아','천도복숭아 800g',7980,'복숭아','이천',30,0,'peaches-g245f0a4e8_640.jpg');
Insert into FINALPROJECT.ITEM (ITEM_NO,ITEM_SECTOR,ITEM_NAME,ITEM_PRICE,ITEM_CONTENT,ITEM_LOCAL,ITEM_COUNT,ITEM_PAC,ITEM_LOGO) values (63,'과일, 복숭아','딱딱이 복숭아 550g',12900,'복숭아','이천',30,0,'peach-g22ab72cc5_640.jpg');
Insert into FINALPROJECT.ITEM (ITEM_NO,ITEM_SECTOR,ITEM_NAME,ITEM_PRICE,ITEM_CONTENT,ITEM_LOCAL,ITEM_COUNT,ITEM_PAC,ITEM_LOGO) values (64,'과일, 복숭아','부드러운 복숭아4~6입',13900,'복숭아','이천',30,0,'111.jpg');
Insert into FINALPROJECT.ITEM (ITEM_NO,ITEM_SECTOR,ITEM_NAME,ITEM_PRICE,ITEM_CONTENT,ITEM_LOCAL,ITEM_COUNT,ITEM_PAC,ITEM_LOGO) values (65,'과일, 복숭아','복숭아 4~6입',17900,'복숭아','이천',30,0,'nectarines-gdcff4f0a0_640.jpg');
Insert into FINALPROJECT.ITEM (ITEM_NO,ITEM_SECTOR,ITEM_NAME,ITEM_PRICE,ITEM_CONTENT,ITEM_LOCAL,ITEM_COUNT,ITEM_PAC,ITEM_LOGO) values (68,'채소, 고구마','국산의힘 자색고구마(1kg)',5980,'고구마','강원',30,0,'AdobeStock_253013741.jpeg');
Insert into FINALPROJECT.ITEM (ITEM_NO,ITEM_SECTOR,ITEM_NAME,ITEM_PRICE,ITEM_CONTENT,ITEM_LOCAL,ITEM_COUNT,ITEM_PAC,ITEM_LOGO) values (69,'채소, 고구마','유기농 고구마 800g',5980,'고구마','강원',30,0,'AdobeStock_384098975.jpeg');
Insert into FINALPROJECT.ITEM (ITEM_NO,ITEM_SECTOR,ITEM_NAME,ITEM_PRICE,ITEM_CONTENT,ITEM_LOCAL,ITEM_COUNT,ITEM_PAC,ITEM_LOGO) values (67,'채소, 고구마','호박 고구마2kg',12980,'고구마','강원',30,0,'AdobeStock_477005217.jpeg');
Insert into FINALPROJECT.ITEM (ITEM_NO,ITEM_SECTOR,ITEM_NAME,ITEM_PRICE,ITEM_CONTENT,ITEM_LOCAL,ITEM_COUNT,ITEM_PAC,ITEM_LOGO) values (70,'채소, 고구마','여주 밤 고구마 2.5kg',15800,'고구마','여주',30,0,'AdobeStock_294389123.jpeg');
Insert into FINALPROJECT.ITEM (ITEM_NO,ITEM_SECTOR,ITEM_NAME,ITEM_PRICE,ITEM_CONTENT,ITEM_LOCAL,ITEM_COUNT,ITEM_PAC,ITEM_LOGO) values (71,'채소, 감자','친환경 감자 800g',4980,'감자','강원',30,0,'phil-hearing-jd2-K2aBwUY-unsplash.jpg');
Insert into FINALPROJECT.ITEM (ITEM_NO,ITEM_SECTOR,ITEM_NAME,ITEM_PRICE,ITEM_CONTENT,ITEM_LOCAL,ITEM_COUNT,ITEM_PAC,ITEM_LOGO) values (72,'채소, 감자','감자 (1kg)',3880,'감자','강원',30,0,'eric-prouzet-52DMHPBAvXY-unsplash.jpg');
Insert into FINALPROJECT.ITEM (ITEM_NO,ITEM_SECTOR,ITEM_NAME,ITEM_PRICE,ITEM_CONTENT,ITEM_LOCAL,ITEM_COUNT,ITEM_PAC,ITEM_LOGO) values (73,'채소, 감자','한입감자 (1kg)',2980,'감자','강원',30,0,'monika-grabkowska-ECxiHN817xE-unsplash.jpg');
Insert into FINALPROJECT.ITEM (ITEM_NO,ITEM_SECTOR,ITEM_NAME,ITEM_PRICE,ITEM_CONTENT,ITEM_LOCAL,ITEM_COUNT,ITEM_PAC,ITEM_LOGO) values (74,'채소, 감자','유명산지 햇감자 1kg내외',6980,'감자','강원',30,0,'jeshoots-com-fp1x-X7DwDs-unsplash.jpg');
Insert into FINALPROJECT.ITEM (ITEM_NO,ITEM_SECTOR,ITEM_NAME,ITEM_PRICE,ITEM_CONTENT,ITEM_LOCAL,ITEM_COUNT,ITEM_PAC,ITEM_LOGO) values (75,'채소, 감자','실속감자 1kg내외',4980,'감자','강원',30,0,'lars-blankers-B0s3Xndk6tw-unsplash.jpg');
Insert into FINALPROJECT.ITEM (ITEM_NO,ITEM_SECTOR,ITEM_NAME,ITEM_PRICE,ITEM_CONTENT,ITEM_LOCAL,ITEM_COUNT,ITEM_PAC,ITEM_LOGO) values (76,'채소, 무','실속 순무 (2입/봉, 1.4kg)',2388,'무','강원',30,0,'jason-leung-Q5wFjKYM-Sk-unsplash.jpg');
Insert into FINALPROJECT.ITEM (ITEM_NO,ITEM_SECTOR,ITEM_NAME,ITEM_PRICE,ITEM_CONTENT,ITEM_LOCAL,ITEM_COUNT,ITEM_PAC,ITEM_LOGO) values (77,'채소, 무','순무(1입,봉)',2480,'무','강원',30,0,'jo-lanta-3vCaADeY8aM-unsplash.jpg');
Insert into FINALPROJECT.ITEM (ITEM_NO,ITEM_SECTOR,ITEM_NAME,ITEM_PRICE,ITEM_CONTENT,ITEM_LOCAL,ITEM_COUNT,ITEM_PAC,ITEM_LOGO) values (78,'채소, 무','친환경 무 1개(1kg)',2980,'무','강원',30,0,'jason-leung-IaJub0GsVgE-unsplash.jpg');
Insert into FINALPROJECT.ITEM (ITEM_NO,ITEM_SECTOR,ITEM_NAME,ITEM_PRICE,ITEM_CONTENT,ITEM_LOCAL,ITEM_COUNT,ITEM_PAC,ITEM_LOGO) values (79,'채소, 무','국내산 신선무 1개 (1kg)',5900,'무','강원',30,0,'jason-leung-K3XTcRGtQuQ-unsplash.jpg');
Insert into FINALPROJECT.ITEM (ITEM_NO,ITEM_SECTOR,ITEM_NAME,ITEM_PRICE,ITEM_CONTENT,ITEM_LOCAL,ITEM_COUNT,ITEM_PAC,ITEM_LOGO) values (80,'채소, 무','해남 절임알타리무 (5kg)',50900,'무','해남',30,0,'pexels-anna-nekrashevich-7214603.jpg');
Insert into FINALPROJECT.ITEM (ITEM_NO,ITEM_SECTOR,ITEM_NAME,ITEM_PRICE,ITEM_CONTENT,ITEM_LOCAL,ITEM_COUNT,ITEM_PAC,ITEM_LOGO) values (85,'채소, 버섯','하루 채소 새송이 200g',990,'버섯','경기',30,0,'pexels-volodymyr-bihdash-10571012.jpg');
Insert into FINALPROJECT.ITEM (ITEM_NO,ITEM_SECTOR,ITEM_NAME,ITEM_PRICE,ITEM_CONTENT,ITEM_LOCAL,ITEM_COUNT,ITEM_PAC,ITEM_LOGO) values (86,'채소, 버섯','양송이팩 200g',4180,'버섯','경기',30,0,'pexels-emma-jones-793267.jpg');
Insert into FINALPROJECT.ITEM (ITEM_NO,ITEM_SECTOR,ITEM_NAME,ITEM_PRICE,ITEM_CONTENT,ITEM_LOCAL,ITEM_COUNT,ITEM_PAC,ITEM_LOGO) values (87,'채소, 버섯','유기농 표고버섯 200g',3980,'버섯','경기',30,0,'pexels-anton-atanasov-210808.jpg');
Insert into FINALPROJECT.ITEM (ITEM_NO,ITEM_SECTOR,ITEM_NAME,ITEM_PRICE,ITEM_CONTENT,ITEM_LOCAL,ITEM_COUNT,ITEM_PAC,ITEM_LOGO) values (88,'채소, 버섯','표고버섯 120g',3180,'버섯','경기',30,0,'kier-in-sight-archives-0Mn__AjRHCo-unsplash.jpg');
Insert into FINALPROJECT.ITEM (ITEM_NO,ITEM_SECTOR,ITEM_NAME,ITEM_PRICE,ITEM_CONTENT,ITEM_LOCAL,ITEM_COUNT,ITEM_PAC,ITEM_LOGO) values (89,'채소, 쌈채','적상추(양촌)',2980,'쌈채','양촌',30,0,'meg-macdonald-wdVJKYruXTE-unsplash.jpg');
Insert into FINALPROJECT.ITEM (ITEM_NO,ITEM_SECTOR,ITEM_NAME,ITEM_PRICE,ITEM_CONTENT,ITEM_LOCAL,ITEM_COUNT,ITEM_PAC,ITEM_LOGO) values (90,'채소, 쌈채','모듬쌈(마산)',3980,'쌈채','마산',30,0,'meg-macdonald-XUkr6VfwljE-unsplash.jpg');
Insert into FINALPROJECT.ITEM (ITEM_NO,ITEM_SECTOR,ITEM_NAME,ITEM_PRICE,ITEM_CONTENT,ITEM_LOCAL,ITEM_COUNT,ITEM_PAC,ITEM_LOGO) values (91,'채소, 쌈채','치키리 200g',2480,'쌈채','시흥',30,0,'023779_1.jpg');
Insert into FINALPROJECT.ITEM (ITEM_NO,ITEM_SECTOR,ITEM_NAME,ITEM_PRICE,ITEM_CONTENT,ITEM_LOCAL,ITEM_COUNT,ITEM_PAC,ITEM_LOGO) values (92,'채소, 쌈채','포기로메인',2480,'쌈채','시흥',30,0,'gabriel-mihalcea-5MU_4hPl67Y-unsplash.jpg');
Insert into FINALPROJECT.ITEM (ITEM_NO,ITEM_SECTOR,ITEM_NAME,ITEM_PRICE,ITEM_CONTENT,ITEM_LOCAL,ITEM_COUNT,ITEM_PAC,ITEM_LOGO) values (93,'채소, 쌈채','상추와 꺳잎',2980,'쌈채','시흥',30,0,'jef-wright-1qnIDA6gZ1g-unsplash.jpg');
Insert into FINALPROJECT.ITEM (ITEM_NO,ITEM_SECTOR,ITEM_NAME,ITEM_PRICE,ITEM_CONTENT,ITEM_LOCAL,ITEM_COUNT,ITEM_PAC,ITEM_LOGO) values (94,'채소, 쌈채','국내산 케일(80g/봉)',1980,'쌈채','시흥',30,0,'laura-johnston-_zV74zUnwmc-unsplash.jpg');
Insert into FINALPROJECT.ITEM (ITEM_NO,ITEM_SECTOR,ITEM_NAME,ITEM_PRICE,ITEM_CONTENT,ITEM_LOCAL,ITEM_COUNT,ITEM_PAC,ITEM_LOGO) values (95,'견과류, 아몬드','구운 아몬드 500g',10300,'견과류, 아몬드','켈리포니아',30,0,'dhanya-purohit-rsTvQSmbZqQ-unsplash.jpg');
Insert into FINALPROJECT.ITEM (ITEM_NO,ITEM_SECTOR,ITEM_NAME,ITEM_PRICE,ITEM_CONTENT,ITEM_LOCAL,ITEM_COUNT,ITEM_PAC,ITEM_LOGO) values (96,'견과류, 아몬드','HBAF 메이플 믹스넛',7980,'견과류, 아몬드','켈리포니아',30,0,'mockupo-8LvXmMZuAU0-unsplash.jpg');
Insert into FINALPROJECT.ITEM (ITEM_NO,ITEM_SECTOR,ITEM_NAME,ITEM_PRICE,ITEM_CONTENT,ITEM_LOCAL,ITEM_COUNT,ITEM_PAC,ITEM_LOGO) values (97,'견과류, 아몬드','아몬드 슬라이스 200g',4200,'견과류, 아몬드','켈리포니아',30,0,'raspopova-marina-JJ2UU419Zzs-unsplash.jpg');
Insert into FINALPROJECT.ITEM (ITEM_NO,ITEM_SECTOR,ITEM_NAME,ITEM_PRICE,ITEM_CONTENT,ITEM_LOCAL,ITEM_COUNT,ITEM_PAC,ITEM_LOGO) values (98,'견과류, 아몬드','오도독 볶음 아몬드 2봉',9540,'견과류, 아몬드','켈리포니아',30,0,'nacho-fernandez-vkuNgNf2VNk-unsplash.jpg');
Insert into FINALPROJECT.ITEM (ITEM_NO,ITEM_SECTOR,ITEM_NAME,ITEM_PRICE,ITEM_CONTENT,ITEM_LOCAL,ITEM_COUNT,ITEM_PAC,ITEM_LOGO) values (100,'견과류, 아몬드','생아몬드 700g',13500,'견과류, 아몬드','켈리포니아',30,0,'mockup-graphics-hw8vOPAIZgk-unsplash.jpg');
Insert into FINALPROJECT.ITEM (ITEM_NO,ITEM_SECTOR,ITEM_NAME,ITEM_PRICE,ITEM_CONTENT,ITEM_LOCAL,ITEM_COUNT,ITEM_PAC,ITEM_LOGO) values (102,'견과류 호두 ','프리미엄 호두 (200g) ',9800,'호두 ','천안 ',30,0,'larisa-birta-nBnl9sXFft0-unsplash.jpg');
Insert into FINALPROJECT.ITEM (ITEM_NO,ITEM_SECTOR,ITEM_NAME,ITEM_PRICE,ITEM_CONTENT,ITEM_LOCAL,ITEM_COUNT,ITEM_PAC,ITEM_LOGO) values (103,'견과류 호두 ','로스티드 호두 (150g) ',6500,'호두 ','천안 ',30,0,'mockup-graphics-cnlzkjG9CwY-unsplash.jpg');
Insert into FINALPROJECT.ITEM (ITEM_NO,ITEM_SECTOR,ITEM_NAME,ITEM_PRICE,ITEM_CONTENT,ITEM_LOCAL,ITEM_COUNT,ITEM_PAC,ITEM_LOGO) values (104,'견과류 호두 ','캐러멜 호두 (180g) ',8200,'호두 ','천안 ',30,0,'pranjall-kumar-9o2jAhtTdK8-unsplash.jpg');
Insert into FINALPROJECT.ITEM (ITEM_NO,ITEM_SECTOR,ITEM_NAME,ITEM_PRICE,ITEM_CONTENT,ITEM_LOCAL,ITEM_COUNT,ITEM_PAC,ITEM_LOGO) values (105,'견과류 호두 ','코스타리카 호두 (250g) ',10500,'호두','천안 ',30,0,'sahand-babali-eUBJUT92yFM-unsplash.jpg');
Insert into FINALPROJECT.ITEM (ITEM_NO,ITEM_SECTOR,ITEM_NAME,ITEM_PRICE,ITEM_CONTENT,ITEM_LOCAL,ITEM_COUNT,ITEM_PAC,ITEM_LOGO) values (106,'견과류 호두 ','무대기 호두 (200g) ',7900,'호두 ','천안 ',30,0,'tom-hermans-IbL3Zd62Q7Q-unsplash.jpg');
Insert into FINALPROJECT.ITEM (ITEM_NO,ITEM_SECTOR,ITEM_NAME,ITEM_PRICE,ITEM_CONTENT,ITEM_LOCAL,ITEM_COUNT,ITEM_PAC,ITEM_LOGO) values (107,'견과류 땅콩 ','로스트땅콩 (150g) ',4500,'땅콩 ','천안 ',30,0,'abril-chavira-9kXfJOSrBWM-unsplash.jpg');
Insert into FINALPROJECT.ITEM (ITEM_NO,ITEM_SECTOR,ITEM_NAME,ITEM_PRICE,ITEM_CONTENT,ITEM_LOCAL,ITEM_COUNT,ITEM_PAC,ITEM_LOGO) values (108,'견과류 땅콩 ','양념땅콩 (180g)     ',5800,'땅콩 ','천안 ',30,0,'tom-hermans-ZPfd3ZobOc0-unsplash.jpg');
Insert into FINALPROJECT.ITEM (ITEM_NO,ITEM_SECTOR,ITEM_NAME,ITEM_PRICE,ITEM_CONTENT,ITEM_LOCAL,ITEM_COUNT,ITEM_PAC,ITEM_LOGO) values (109,'견과류 땅콩 ','허니땅콩 (200g)    ',6500,'땅콩 ','천안 ',30,0,'fidias-cervantes-4-lD-BSL99I-unsplash.jpg');
Insert into FINALPROJECT.ITEM (ITEM_NO,ITEM_SECTOR,ITEM_NAME,ITEM_PRICE,ITEM_CONTENT,ITEM_LOCAL,ITEM_COUNT,ITEM_PAC,ITEM_LOGO) values (110,'견과류 땅콩 ','캐러멜땅콩 (180g)   ',6200,'땅콩 ','천안 ',30,0,'isai-dzib-TysS85XkjgI-unsplash.jpg');
Insert into FINALPROJECT.ITEM (ITEM_NO,ITEM_SECTOR,ITEM_NAME,ITEM_PRICE,ITEM_CONTENT,ITEM_LOCAL,ITEM_COUNT,ITEM_PAC,ITEM_LOGO) values (111,'견과류 땅콩 ','바베큐땅콩 (150g)   ',5500,'땅콩 ','천안 ',30,0,'vladislav-nikonov-13lLAWadKwU-unsplash.jpg');
Insert into FINALPROJECT.ITEM (ITEM_NO,ITEM_SECTOR,ITEM_NAME,ITEM_PRICE,ITEM_CONTENT,ITEM_LOCAL,ITEM_COUNT,ITEM_PAC,ITEM_LOGO) values (112,'견과류 밤 ','맛있는 밤 (200g) ',6800,'밤 ','충남 ',30,0,'hansjorg-keller-udqJsQrTKVE-unsplash.jpg');
Insert into FINALPROJECT.ITEM (ITEM_NO,ITEM_SECTOR,ITEM_NAME,ITEM_PRICE,ITEM_CONTENT,ITEM_LOCAL,ITEM_COUNT,ITEM_PAC,ITEM_LOGO) values (113,'견과류 밤 ','구운 햇 밤 (150g) ',4500,'밤 ','충남 ',30,0,'bas-van-den-eijkhof-HkP7nRoRc_E-unsplash.jpg');
Insert into FINALPROJECT.ITEM (ITEM_NO,ITEM_SECTOR,ITEM_NAME,ITEM_PRICE,ITEM_CONTENT,ITEM_LOCAL,ITEM_COUNT,ITEM_PAC,ITEM_LOGO) values (114,'견과류 밤 ','맛밤 (180g) ',5800,'밤 ','충남 ',30,0,'nasia-m-GJcPb0Xurc8-unsplash.jpg');
Insert into FINALPROJECT.ITEM (ITEM_NO,ITEM_SECTOR,ITEM_NAME,ITEM_PRICE,ITEM_CONTENT,ITEM_LOCAL,ITEM_COUNT,ITEM_PAC,ITEM_LOGO) values (115,'견과류 밤 ','몸에좋은 밤 (250g) ',7500,'밤 ','충남 ',30,0,'tijana-drndarski-_VxbbphbUdg-unsplash.jpg');
Insert into FINALPROJECT.ITEM (ITEM_NO,ITEM_SECTOR,ITEM_NAME,ITEM_PRICE,ITEM_CONTENT,ITEM_LOCAL,ITEM_COUNT,ITEM_PAC,ITEM_LOGO) values (117,'곡물 쌀','햅쌀 백미 (2kg)  ',7800,'백미 ','이천',30,0,'pexels-zhugewala-2676934.jpg');
Insert into FINALPROJECT.ITEM (ITEM_NO,ITEM_SECTOR,ITEM_NAME,ITEM_PRICE,ITEM_CONTENT,ITEM_LOCAL,ITEM_COUNT,ITEM_PAC,ITEM_LOGO) values (118,'곡물 쌀','국산 백미 (5kg)  ',19500,'백미 ','이천',30,0,'pexels-polina-tankilevitch-4187621.jpg');
Insert into FINALPROJECT.ITEM (ITEM_NO,ITEM_SECTOR,ITEM_NAME,ITEM_PRICE,ITEM_CONTENT,ITEM_LOCAL,ITEM_COUNT,ITEM_PAC,ITEM_LOGO) values (119,'곡물 쌀','일반 백미 (10kg) ',35900,'백미 ','이천',30,0,'pexels-vie-studio-7421198.jpg');
Insert into FINALPROJECT.ITEM (ITEM_NO,ITEM_SECTOR,ITEM_NAME,ITEM_PRICE,ITEM_CONTENT,ITEM_LOCAL,ITEM_COUNT,ITEM_PAC,ITEM_LOGO) values (120,'곡물 쌀','고시히카리 백미 (2kg)',9800,'백미 ','이천',30,0,'pexels-polina-tankilevitch-4110256.jpg');
Insert into FINALPROJECT.ITEM (ITEM_NO,ITEM_SECTOR,ITEM_NAME,ITEM_PRICE,ITEM_CONTENT,ITEM_LOCAL,ITEM_COUNT,ITEM_PAC,ITEM_LOGO) values (121,'곡물 쌀','진주 백미 (5kg)  ',22500,'백미 ','이천',30,0,'pexels-monstera-6621280.jpg');
Insert into FINALPROJECT.ITEM (ITEM_NO,ITEM_SECTOR,ITEM_NAME,ITEM_PRICE,ITEM_CONTENT,ITEM_LOCAL,ITEM_COUNT,ITEM_PAC,ITEM_LOGO) values (125,'곡물 쌀','고시히카리 흑미 (2kg) ',9800,'흑미 ','이천',30,0,'pexels-jonathan-rios-1033730.jpg');
Insert into FINALPROJECT.ITEM (ITEM_NO,ITEM_SECTOR,ITEM_NAME,ITEM_PRICE,ITEM_CONTENT,ITEM_LOCAL,ITEM_COUNT,ITEM_PAC,ITEM_LOGO) values (126,'곡물 쌀','진주 흑미 (5kg)   ',24500,'흑미 ','이천',30,0,'AdobeStock_102232425920.jpeg');
Insert into FINALPROJECT.ITEM (ITEM_NO,ITEM_SECTOR,ITEM_NAME,ITEM_PRICE,ITEM_CONTENT,ITEM_LOCAL,ITEM_COUNT,ITEM_PAC,ITEM_LOGO) values (127,'곡물 쌀','햅쌀 현미 (2kg)  ',8500,'현미 ','이천',30,0,'AdobeStock_1022259220.jpeg');
Insert into FINALPROJECT.ITEM (ITEM_NO,ITEM_SECTOR,ITEM_NAME,ITEM_PRICE,ITEM_CONTENT,ITEM_LOCAL,ITEM_COUNT,ITEM_PAC,ITEM_LOGO) values (128,'곡물 쌀','국산 현미 (5kg)  ',24800,'현미 ','이천',30,0,'AdobeStock_1022259201.jpeg');
Insert into FINALPROJECT.ITEM (ITEM_NO,ITEM_SECTOR,ITEM_NAME,ITEM_PRICE,ITEM_CONTENT,ITEM_LOCAL,ITEM_COUNT,ITEM_PAC,ITEM_LOGO) values (129,'곡물 쌀','일반 현미 (10kg)  ',41500,'현미 ','이천',30,0,'AdobeStock_1022259220.jpeg');
Insert into FINALPROJECT.ITEM (ITEM_NO,ITEM_SECTOR,ITEM_NAME,ITEM_PRICE,ITEM_CONTENT,ITEM_LOCAL,ITEM_COUNT,ITEM_PAC,ITEM_LOGO) values (130,'곡물 쌀','고시히카리 현미 (2kg) ',10200,'현미 ','이천',30,0,'AdobeStock_10222225920.jpeg');
Insert into FINALPROJECT.ITEM (ITEM_NO,ITEM_SECTOR,ITEM_NAME,ITEM_PRICE,ITEM_CONTENT,ITEM_LOCAL,ITEM_COUNT,ITEM_PAC,ITEM_LOGO) values (131,'곡물 쌀','진주 현미 (5kg)  ',26500,'현미 ','이천',30,0,'pexels-ines-iachelini-5472000.jpg');
Insert into FINALPROJECT.ITEM (ITEM_NO,ITEM_SECTOR,ITEM_NAME,ITEM_PRICE,ITEM_CONTENT,ITEM_LOCAL,ITEM_COUNT,ITEM_PAC,ITEM_LOGO) values (135,'곡물 콩류 ','검은콩 (500g)    ',4800,'콩류 ','이천',30,0,'곡류9.jpg');
Insert into FINALPROJECT.ITEM (ITEM_NO,ITEM_SECTOR,ITEM_NAME,ITEM_PRICE,ITEM_CONTENT,ITEM_LOCAL,ITEM_COUNT,ITEM_PAC,ITEM_LOGO) values (136,'곡물 콩류 ','녹두 (500g)      ',3800,'콩류 ','이천',30,0,'pexels-vie-studio-7421297.jpg');
Insert into FINALPROJECT.ITEM (ITEM_NO,ITEM_SECTOR,ITEM_NAME,ITEM_PRICE,ITEM_CONTENT,ITEM_LOCAL,ITEM_COUNT,ITEM_PAC,ITEM_LOGO) values (66,'채소, 고구마','밤 고구마 1kg',3980,'고구마','강원',30,0,'AdobeStock_235616734.jpeg');


Insert into FINALPROJECT.SECTOR (SECTOR_NO,FARM_NO,SECTOR_NAME,SECTOR_PRICE,SECTOR_ITEM,SECTOR_SCHDULE,SECTOR_STATUS) values (1,10,'군포섹터1',375000,null,1,1);
Insert into FINALPROJECT.SECTOR (SECTOR_NO,FARM_NO,SECTOR_NAME,SECTOR_PRICE,SECTOR_ITEM,SECTOR_SCHDULE,SECTOR_STATUS) values (2,10,'군포섹터2',330000,null,1,1);
Insert into FINALPROJECT.SECTOR (SECTOR_NO,FARM_NO,SECTOR_NAME,SECTOR_PRICE,SECTOR_ITEM,SECTOR_SCHDULE,SECTOR_STATUS) values (3,10,'군포섹터3',375000,null,1,0);
Insert into FINALPROJECT.SECTOR (SECTOR_NO,FARM_NO,SECTOR_NAME,SECTOR_PRICE,SECTOR_ITEM,SECTOR_SCHDULE,SECTOR_STATUS) values (4,10,'군포섹터4',330000,null,1,1);
Insert into FINALPROJECT.SECTOR (SECTOR_NO,FARM_NO,SECTOR_NAME,SECTOR_PRICE,SECTOR_ITEM,SECTOR_SCHDULE,SECTOR_STATUS) values (14,20,'양주섹터2',220000,null,1,1);
Insert into FINALPROJECT.SECTOR (SECTOR_NO,FARM_NO,SECTOR_NAME,SECTOR_PRICE,SECTOR_ITEM,SECTOR_SCHDULE,SECTOR_STATUS) values (15,20,'양주섹터3',250000,null,1,1);
Insert into FINALPROJECT.SECTOR (SECTOR_NO,FARM_NO,SECTOR_NAME,SECTOR_PRICE,SECTOR_ITEM,SECTOR_SCHDULE,SECTOR_STATUS) values (16,20,'양주섹터4',220000,null,1,1);
Insert into FINALPROJECT.SECTOR (SECTOR_NO,FARM_NO,SECTOR_NAME,SECTOR_PRICE,SECTOR_ITEM,SECTOR_SCHDULE,SECTOR_STATUS) values (17,20,'양주섹터1',250000,null,2,0);
Insert into FINALPROJECT.SECTOR (SECTOR_NO,FARM_NO,SECTOR_NAME,SECTOR_PRICE,SECTOR_ITEM,SECTOR_SCHDULE,SECTOR_STATUS) values (18,20,'양주섹터2',220000,null,2,1);
Insert into FINALPROJECT.SECTOR (SECTOR_NO,FARM_NO,SECTOR_NAME,SECTOR_PRICE,SECTOR_ITEM,SECTOR_SCHDULE,SECTOR_STATUS) values (19,20,'양주섹터3',250000,null,2,0);
Insert into FINALPROJECT.SECTOR (SECTOR_NO,FARM_NO,SECTOR_NAME,SECTOR_PRICE,SECTOR_ITEM,SECTOR_SCHDULE,SECTOR_STATUS) values (20,20,'양주섹터4',220000,null,2,1);
Insert into FINALPROJECT.SECTOR (SECTOR_NO,FARM_NO,SECTOR_NAME,SECTOR_PRICE,SECTOR_ITEM,SECTOR_SCHDULE,SECTOR_STATUS) values (21,20,'양주섹터1',250000,null,3,1);
Insert into FINALPROJECT.SECTOR (SECTOR_NO,FARM_NO,SECTOR_NAME,SECTOR_PRICE,SECTOR_ITEM,SECTOR_SCHDULE,SECTOR_STATUS) values (22,20,'양주섹터2',220000,null,3,1);
Insert into FINALPROJECT.SECTOR (SECTOR_NO,FARM_NO,SECTOR_NAME,SECTOR_PRICE,SECTOR_ITEM,SECTOR_SCHDULE,SECTOR_STATUS) values (23,20,'양주섹터3',250000,null,3,0);
Insert into FINALPROJECT.SECTOR (SECTOR_NO,FARM_NO,SECTOR_NAME,SECTOR_PRICE,SECTOR_ITEM,SECTOR_SCHDULE,SECTOR_STATUS) values (24,20,'양주섹터4',220000,null,3,0);
Insert into FINALPROJECT.SECTOR (SECTOR_NO,FARM_NO,SECTOR_NAME,SECTOR_PRICE,SECTOR_ITEM,SECTOR_SCHDULE,SECTOR_STATUS) values (25,30,'시흥섹터1',330000,null,1,0);
Insert into FINALPROJECT.SECTOR (SECTOR_NO,FARM_NO,SECTOR_NAME,SECTOR_PRICE,SECTOR_ITEM,SECTOR_SCHDULE,SECTOR_STATUS) values (5,10,'군포섹터1',375000,null,2,1);
Insert into FINALPROJECT.SECTOR (SECTOR_NO,FARM_NO,SECTOR_NAME,SECTOR_PRICE,SECTOR_ITEM,SECTOR_SCHDULE,SECTOR_STATUS) values (6,10,'군포섹터2',330000,null,2,0);
Insert into FINALPROJECT.SECTOR (SECTOR_NO,FARM_NO,SECTOR_NAME,SECTOR_PRICE,SECTOR_ITEM,SECTOR_SCHDULE,SECTOR_STATUS) values (7,10,'군포섹터3',375000,null,2,1);
Insert into FINALPROJECT.SECTOR (SECTOR_NO,FARM_NO,SECTOR_NAME,SECTOR_PRICE,SECTOR_ITEM,SECTOR_SCHDULE,SECTOR_STATUS) values (8,10,'군포섹터4',330000,null,2,1);
Insert into FINALPROJECT.SECTOR (SECTOR_NO,FARM_NO,SECTOR_NAME,SECTOR_PRICE,SECTOR_ITEM,SECTOR_SCHDULE,SECTOR_STATUS) values (9,10,'군포섹터1',375000,null,3,0);
Insert into FINALPROJECT.SECTOR (SECTOR_NO,FARM_NO,SECTOR_NAME,SECTOR_PRICE,SECTOR_ITEM,SECTOR_SCHDULE,SECTOR_STATUS) values (10,10,'군포섹터2',330000,null,3,0);
Insert into FINALPROJECT.SECTOR (SECTOR_NO,FARM_NO,SECTOR_NAME,SECTOR_PRICE,SECTOR_ITEM,SECTOR_SCHDULE,SECTOR_STATUS) values (11,10,'군포섹터3',375000,null,3,0);
Insert into FINALPROJECT.SECTOR (SECTOR_NO,FARM_NO,SECTOR_NAME,SECTOR_PRICE,SECTOR_ITEM,SECTOR_SCHDULE,SECTOR_STATUS) values (12,10,'군포섹터4',330000,null,3,0);
Insert into FINALPROJECT.SECTOR (SECTOR_NO,FARM_NO,SECTOR_NAME,SECTOR_PRICE,SECTOR_ITEM,SECTOR_SCHDULE,SECTOR_STATUS) values (13,20,'양주섹터1',250000,null,1,1);
Insert into FINALPROJECT.SECTOR (SECTOR_NO,FARM_NO,SECTOR_NAME,SECTOR_PRICE,SECTOR_ITEM,SECTOR_SCHDULE,SECTOR_STATUS) values (26,30,'시흥섹터2',300000,null,1,1);
Insert into FINALPROJECT.SECTOR (SECTOR_NO,FARM_NO,SECTOR_NAME,SECTOR_PRICE,SECTOR_ITEM,SECTOR_SCHDULE,SECTOR_STATUS) values (27,30,'시흥섹터3',330000,null,1,0);
Insert into FINALPROJECT.SECTOR (SECTOR_NO,FARM_NO,SECTOR_NAME,SECTOR_PRICE,SECTOR_ITEM,SECTOR_SCHDULE,SECTOR_STATUS) values (28,30,'시흥섹터4',300000,null,1,0);
Insert into FINALPROJECT.SECTOR (SECTOR_NO,FARM_NO,SECTOR_NAME,SECTOR_PRICE,SECTOR_ITEM,SECTOR_SCHDULE,SECTOR_STATUS) values (29,30,'시흥섹터1',330000,null,2,2);
Insert into FINALPROJECT.SECTOR (SECTOR_NO,FARM_NO,SECTOR_NAME,SECTOR_PRICE,SECTOR_ITEM,SECTOR_SCHDULE,SECTOR_STATUS) values (30,30,'시흥섹터2',300000,null,2,2);
Insert into FINALPROJECT.SECTOR (SECTOR_NO,FARM_NO,SECTOR_NAME,SECTOR_PRICE,SECTOR_ITEM,SECTOR_SCHDULE,SECTOR_STATUS) values (31,30,'시흥섹터3',330000,null,2,1);
Insert into FINALPROJECT.SECTOR (SECTOR_NO,FARM_NO,SECTOR_NAME,SECTOR_PRICE,SECTOR_ITEM,SECTOR_SCHDULE,SECTOR_STATUS) values (32,30,'시흥섹터4',300000,null,2,1);
Insert into FINALPROJECT.SECTOR (SECTOR_NO,FARM_NO,SECTOR_NAME,SECTOR_PRICE,SECTOR_ITEM,SECTOR_SCHDULE,SECTOR_STATUS) values (33,30,'시흥섹터1',330000,null,3,0);
Insert into FINALPROJECT.SECTOR (SECTOR_NO,FARM_NO,SECTOR_NAME,SECTOR_PRICE,SECTOR_ITEM,SECTOR_SCHDULE,SECTOR_STATUS) values (34,30,'시흥섹터2',300000,null,3,0);
Insert into FINALPROJECT.SECTOR (SECTOR_NO,FARM_NO,SECTOR_NAME,SECTOR_PRICE,SECTOR_ITEM,SECTOR_SCHDULE,SECTOR_STATUS) values (35,30,'시흥섹터3',330000,null,3,1);
Insert into FINALPROJECT.SECTOR (SECTOR_NO,FARM_NO,SECTOR_NAME,SECTOR_PRICE,SECTOR_ITEM,SECTOR_SCHDULE,SECTOR_STATUS) values (36,30,'시흥섹터4',300000,null,3,2);
Insert into FINALPROJECT.SECTOR (SECTOR_NO,FARM_NO,SECTOR_NAME,SECTOR_PRICE,SECTOR_ITEM,SECTOR_SCHDULE,SECTOR_STATUS) values (37,40,'남양주섹터1',250000,null,1,1);
Insert into FINALPROJECT.SECTOR (SECTOR_NO,FARM_NO,SECTOR_NAME,SECTOR_PRICE,SECTOR_ITEM,SECTOR_SCHDULE,SECTOR_STATUS) values (38,40,'남양주섹터2',220000,null,1,2);
Insert into FINALPROJECT.SECTOR (SECTOR_NO,FARM_NO,SECTOR_NAME,SECTOR_PRICE,SECTOR_ITEM,SECTOR_SCHDULE,SECTOR_STATUS) values (39,40,'남양주섹터3',250000,null,1,1);
Insert into FINALPROJECT.SECTOR (SECTOR_NO,FARM_NO,SECTOR_NAME,SECTOR_PRICE,SECTOR_ITEM,SECTOR_SCHDULE,SECTOR_STATUS) values (40,40,'남양주섹터4',220000,null,1,2);
Insert into FINALPROJECT.SECTOR (SECTOR_NO,FARM_NO,SECTOR_NAME,SECTOR_PRICE,SECTOR_ITEM,SECTOR_SCHDULE,SECTOR_STATUS) values (41,40,'남양주섹터1',250000,null,2,1);
Insert into FINALPROJECT.SECTOR (SECTOR_NO,FARM_NO,SECTOR_NAME,SECTOR_PRICE,SECTOR_ITEM,SECTOR_SCHDULE,SECTOR_STATUS) values (42,40,'남양주섹터2',220000,null,2,1);
Insert into FINALPROJECT.SECTOR (SECTOR_NO,FARM_NO,SECTOR_NAME,SECTOR_PRICE,SECTOR_ITEM,SECTOR_SCHDULE,SECTOR_STATUS) values (43,40,'남양주섹터3',250000,null,2,1);
Insert into FINALPROJECT.SECTOR (SECTOR_NO,FARM_NO,SECTOR_NAME,SECTOR_PRICE,SECTOR_ITEM,SECTOR_SCHDULE,SECTOR_STATUS) values (44,40,'남양주섹터4',220000,null,2,1);
Insert into FINALPROJECT.SECTOR (SECTOR_NO,FARM_NO,SECTOR_NAME,SECTOR_PRICE,SECTOR_ITEM,SECTOR_SCHDULE,SECTOR_STATUS) values (45,40,'남양주섹터1',250000,null,3,1);
Insert into FINALPROJECT.SECTOR (SECTOR_NO,FARM_NO,SECTOR_NAME,SECTOR_PRICE,SECTOR_ITEM,SECTOR_SCHDULE,SECTOR_STATUS) values (46,40,'남양주섹터2',220000,null,3,0);
Insert into FINALPROJECT.SECTOR (SECTOR_NO,FARM_NO,SECTOR_NAME,SECTOR_PRICE,SECTOR_ITEM,SECTOR_SCHDULE,SECTOR_STATUS) values (47,40,'남양주섹터3',250000,null,3,1);
Insert into FINALPROJECT.SECTOR (SECTOR_NO,FARM_NO,SECTOR_NAME,SECTOR_PRICE,SECTOR_ITEM,SECTOR_SCHDULE,SECTOR_STATUS) values (48,40,'남양주섹터4',220000,null,3,0);


commit;