<?xml version="1.0" encoding="UTF-8"?>
<!DOCTYPE mapper
  PUBLIC "-//mybatis.org//DTD Mapper 3.0//EN"
  "https://mybatis.org/dtd/mybatis-3-mapper.dtd">

<!-- <mapper namespace="member"> -->
<mapper namespace="com.kh.spring.member.model.dao.MemberDao">
	<resultMap type="member" id="memberMap"></resultMap>
	
	<insert id="insertMember">
		insert into member
		values (
			#{userId},
			#{userPwd},
			#{userName},
			#{email},
			#{birthday},
			#{phone},
			default,
			default
		  )
	</insert>
	
	<select id="selectOneMember" resultMap = "memberMap">
		select *
		  from member
		 where user_id = #{userId} 
	</select>
	
	<update id="updateMember">
		update member
		   set user_pwd = #{userPwd},
		   	   email = #{email},
		   	   phone = #{phone}
		 where user_id = #{userId}		   	   
	</update>
</mapper>








