<?xml version="1.0" encoding="UTF-8"?>
<!DOCTYPE mapper
  PUBLIC "-//mybatis.org//DTD Mapper 3.0//EN"
  "https://mybatis.org/dtd/mybatis-3-mapper.dtd">
<mapper namespace="com.kh.spring.demo.model.dao.DemoDao">
	<resultMap type="dev" id="devMap">
		<result column="no" property="no"/>
		<result column="name" property="name"/>
		<result column="career" property="career"/>
		<result column="email" property="email"/>
		<result column="lang" property="lang"/>
		<result column="create_date" property="createDate"/>
	</resultMap>
	
	<insert id="insertDev">
		insert into
		   dev
		values (
			sql_dev_no.nextval,
			#{name},
			#{career},
			#{email},
			#{gender},
			#{lang},		<!-- 배열이 varchar2로 변환이 안됨 -->
			default
		)	  	
	</insert>
	
	<select id="selectDevList" resultMap="devMap">
		select *
		  from dev
		 order by no desc 
	</select>
	<select id="selectOneDev" resultMap="devMap">
		select *
		  from dev
		 where no = #{no} 
	</select>
	<update id="updateDev">
		update dev
		   set career = #{career},
			   email = #{email},
			   lang = #{lang}
		 where no = #{no}		   	    
	</update>
</mapper>














